timestamp,host,source,sourcetype,backendresponse,status
2025-08-28 11:09:41,host4,app/backend,json,129.6330964221098,200
2025-08-28 05:39:28,host3,app/backend,json,112.85936544094284,200
2025-08-27 23:43:11,host4,app/backend,json,277.2864411869465,200
2025-08-27 16:20:24,host1,app/backend,json,231.3647442224732,200
2025-08-28 08:32:23,host3,app/backend,json,292.46141338571783,200
2025-08-27 15:10:16,host1,app/backend,json,167.40099618415482,200
2025-08-27 14:51:15,host3,app/backend,json,178.50249469729692,200
2025-08-27 12:57:23,host1,app/backend,json,221.07179256313347,500
2025-08-28 04:22:57,host3,app/backend,json,270.5146599585414,200
2025-08-28 12:04:38,host1,app/backend,json,182.16646225880837,200
2025-08-28 08:23:38,host5,app/backend,json,200.648002868945,200
2025-08-28 06:50:55,host3,app/backend,json,107.5034955616595,200
2025-08-28 11:13:06,host5,app/backend,json,208.61323506540347,200
2025-08-28 04:27:19,host2,app/backend,json,241.40329375670296,200
2025-08-27 17:56:57,host5,app/backend,json,175.45620572209108,200
2025-08-28 12:23:59,host4,app/backend,json,259.57976690372834,200
2025-08-28 00:33:48,host1,app/backend,json,159.39450691996944,200
2025-08-28 11:27:24,host3,app/backend,json,248.05447032317608,200
2025-08-27 20:03:55,host1,app/backend,json,124.87915881212392,200
2025-08-28 02:21:58,host2,app/backend,json,166.77392113967773,200
2025-08-28 10:28:45,host5,app/backend,json,129.1803567921276,200
2025-08-27 12:58:37,host2,app/backend,json,197.20638136110463,200
2025-08-28 07:10:37,host4,app/backend,json,160.01845520494385,200
2025-08-28 04:33:36,host5,app/backend,json,220.13737893628888,200
2025-08-28 07:15:23,host5,app/backend,json,142.29113142098734,200
2025-08-27 22:41:55,host1,app/backend,json,157.4328442572523,200
2025-08-27 23:19:02,host5,app/backend,json,193.3412833337209,500
2025-08-28 07:30:09,host4,app/backend,json,199.8784181237654,200
2025-08-27 20:41:23,host2,app/backend,json,134.0059694286379,200
2025-08-27 15:40:41,host4,app/backend,json,151.84447151670122,200
2025-08-28 11:05:46,host3,app/backend,json,136.9329280333314,200
2025-08-27 19:57:43,host2,app/backend,json,120.30697191048444,200
2025-08-28 10:43:54,host4,app/backend,json,178.36350282884206,200
2025-08-28 11:08:48,host3,app/backend,json,147.45588277594828,200
2025-08-28 01:06:58,host5,app/backend,json,112.00750197804496,200
2025-08-27 18:18:20,host1,app/backend,json,170.4714076825224,200
2025-08-28 03:08:47,host4,app/backend,json,268.3853212639801,200
2025-08-27 23:46:04,host1,app/backend,json,250.2390929848715,200
2025-08-27 21:27:14,host3,app/backend,json,222.88577680471752,200
2025-08-28 11:38:44,host3,app/backend,json,218.0805882036318,200
2025-08-27 18:57:37,host1,app/backend,json,104.52852664266076,200
2025-08-27 16:34:14,host4,app/backend,json,228.72290890857175,200
2025-08-27 16:15:31,host5,app/backend,json,178.60663697179427,200
2025-08-28 09:07:31,host4,app/backend,json,134.5798385197334,404
2025-08-28 00:03:05,host4,app/backend,json,279.57099794366695,404
2025-08-28 05:23:44,host5,app/backend,json,220.52573557890923,200
2025-08-28 07:49:07,host2,app/backend,json,111.47953818510176,200
2025-08-28 12:12:30,host2,app/backend,json,182.6604387921494,200
2025-08-27 19:44:32,host1,app/backend,json,298.06725467114177,200
2025-08-28 12:28:05,host4,app/backend,json,234.83476773859613,200
2025-08-28 11:07:21,host2,app/backend,json,809.3751795841596,500
2025-08-27 23:39:56,host4,app/backend,json,712.6844370998432,500
2025-08-27 13:37:50,host5,app/backend,json,971.1848238032152,500
2025-08-28 04:43:37,host1,app/backend,json,980.2215823211384,500
2025-08-27 16:46:40,host3,app/backend,json,957.9034636965512,500
2025-08-27 18:10:31,host5,app/backend,json,699.1866420916319,500
2025-08-27 13:11:52,host1,app/backend,json,862.275970644424,500
2025-08-28 07:57:25,host5,app/backend,json,658.6006532657669,500
2025-08-27 22:55:20,host4,app/backend,json,873.1577807540486,500
2025-08-28 12:14:05,host5,app/backend,json,974.182175962576,500
